journal_title,total_reviews,total_citedin,year_start,year_last
Immunological reviews,174,6752,1980,2016
Current opinion in immunology,148,4032,1988,2016
Trends in immunology,126,4055,2001,2015
Advances in experimental medicine and biology,118,502,1982,2016
Nature reviews. Immunology,101,14718,2002,2016
Journal of leukocyte biology,91,2077,1986,2015
Immunology and cell biology,82,1642,1995,2015
Seminars in immunology,68,1579,1992,2015
Annals of the New York Academy of Sciences,65,1037,1986,2015
Immunobiology,65,973,1982,2015
Immunologic research,63,739,1986,2015
Expert opinion on biological therapy,61,468,2001,2015
Immunotherapy,61,370,2009,2016
Current topics in microbiology and immunology,60,806,1991,2015
Nihon rinsho. Japanese journal of clinical medicine,60,14,1971,2014
Immunology letters,58,810,1988,2015
Critical reviews in immunology,57,635,1981,2016
"Cancer immunology, immunotherapy : CII",51,727,1996,2016
Annual review of immunology,44,11352,1991,2015
European journal of immunology,43,995,2002,2015
International reviews of immunology,43,358,1990,2016
Immunity,42,3272,1999,2015
Expert review of vaccines,40,284,2003,2015
The Journal of investigative dermatology,39,456,1976,2014
Nature immunology,38,4989,2001,2015
Pathologie-biologie,38,77,1984,2014
Immunology,37,677,1987,2016
Advances in immunology,36,867,1980,2017
Archivum immunologiae et therapiae experimentalis,36,137,1997,2016
Clinical and experimental immunology,36,560,1983,2016
Cytokine & growth factor reviews,36,951,2e3,2015
Autoimmunity reviews,34,404,2003,2016
Current opinion in allergy and clinical immunology,34,220,2002,2015
Frontiers in bioscience : a journal and virtual library,34,192,1998,2008
Microbes and infection,33,516,1999,2016
Transplantation,33,276,1980,2016
Cellular and molecular life sciences : CMLS,31,370,2001,2016
Human immunology,31,424,1990,2016
Molecular immunology,31,276,2002,2015
Springer seminars in immunopathology,31,380,1981,2006
Clinical & developmental immunology,30,223,2006,2013
Current pharmaceutical design,30,159,2001,2015
"Journal of immunology (Baltimore, Md. : 1950)",30,1028,1998,2015
Journal of immunology research,29,102,2014,2017
The Journal of allergy and clinical immunology,28,529,1995,2015
Research in immunology,27,61,1989,1998
Immunology today,26,545,1988,2e3
Vaccine,26,297,1998,2014
Allergy,25,269,1989,2015
Current allergy and asthma reports,25,241,2004,2015
Current molecular medicine,25,344,2002,2012
International archives of allergy and immunology,24,213,1994,2016
Leukemia & lymphoma,24,108,1993,2014
Cellular & molecular immunology,23,296,2005,2015
"Clinical immunology (Orlando, Fla.)",23,453,1999,2016
Current opinion in molecular therapeutics,23,123,2001,2007
Journal of dermatological science,23,259,1994,2016
Human vaccines & immunotherapeutics,22,104,2012,2016
Mediators of inflammation,22,161,2002,2016
Autoimmunity,21,205,2003,2013
Handbook of experimental pharmacology,21,215,2006,2013
Medecine sciences : M/S,21,25,2003,2016
International immunopharmacology,20,196,2003,2016
"Methods in molecular biology (Clifton, N.J.)",20,86,2e3,2014
The Journal of experimental medicine,20,699,1985,2015
Current medicinal chemistry,19,115,2005,2014
"APMIS : acta pathologica, microbiologica, et immunologica Scandinavica",18,233,2003,2013
Biochimica et biophysica acta,18,464,1991,2015
Hematology/oncology clinics of North America,18,45,1987,2015
"In vivo (Athens, Greece)",18,36,1993,2010
Nihon Rinsho Men'eki Gakkai kaishi = Japanese journal of clinical immunology,18,8,2002,2017
Seminars in immunopathology,18,201,2007,2015
Advanced drug delivery reviews,17,293,2e3,2014
BioMed research international,17,85,2013,2016
Blood,17,1155,1994,2014
Cellular microbiology,17,339,2003,2014
Current opinion in rheumatology,17,207,1991,2016
Expert review of clinical immunology,17,93,2010,2016
Mucosal immunology,17,485,2008,2015
Trends in molecular medicine,17,197,2001,2010
[Rinsho ketsueki] The Japanese journal of clinical hematology,16,0,2e3,2014
Bulletin du cancer,16,11,2e3,2016
Clinical and experimental allergy : journal of the British Society for Allergy and Clinical Immunology,16,193,1990,2014
Cytotherapy,16,42,2004,2016
Expert review of anticancer therapy,16,70,2002,2016
"Stem cells (Dayton, Ohio)",16,128,1993,2007
The Journal of clinical investigation,16,815,2e3,2016
Annales de dermatologie et de venereologie,15,0,1986,2010
Cell death and differentiation,15,605,2006,2015
Current opinion in hematology,15,154,1994,2015
Current opinion in organ transplantation,15,89,2008,2014
"Tanpakushitsu kakusan koso. Protein, nucleic acid, enzyme",15,5,2e3,2009
The British journal of dermatology,15,96,1973,2014
Veterinary immunology and immunopathology,15,132,1991,2013
Arerugi = [Allergy],14,1,1991,2016
Clinical reviews in allergy & immunology,14,122,1996,2014
Current biology : CB,14,166,1994,2013
Journal of biomedicine & biotechnology,14,147,2010,2012
Journal of the American Academy of Dermatology,14,101,1982,2014
The Journal of dermatology,14,28,1978,2011
Virulence,14,124,2010,2015
World journal of gastroenterology,14,95,2006,2016
Zhongguo shi yan xue ye xue za zhi,14,2,2003,2016
Chemical immunology and allergy,13,179,2003,2013
Current gene therapy,13,92,2002,2012
Current HIV research,13,108,2004,2010
European journal of dermatology : EJD,13,145,1998,2009
International journal of hematology,13,92,2001,2014
Journal of clinical immunology,13,263,1999,2010
Seminars in oncology,13,96,1999,2015
Transplant immunology,13,110,2002,2007
Transplantation proceedings,13,32,1987,2010
Yakugaku zasshi : Journal of the Pharmaceutical Society of Japan,13,3,2001,2016
Cell,12,1736,1998,2015
"Current opinion in investigational drugs (London, England : 2000)",12,87,2005,2010
"Der Hautarzt; Zeitschrift fur Dermatologie, Venerologie, und verwandte Gebiete",12,5,1988,2011
Dermatologic clinics,12,40,1985,2014
Discovery medicine,12,39,2009,2016
"Journal of molecular medicine (Berlin, Germany)",12,210,1999,2012
Postepy higieny i medycyny doswiadczalnej (Online),12,9,2006,2015
British journal of haematology,11,70,1997,2016
"Cancer journal (Sudbury, Mass.)",11,79,2e3,2017
Cellular immunology,11,117,2005,2015
Clinics in dermatology,11,38,1986,2010
Critical reviews in oncology/hematology,11,178,2002,2016
Cytokine,11,149,2e3,2015
Expert opinion on therapeutic targets,11,64,2002,2015
"Giornale italiano di dermatologia e venereologia : organo ufficiale, Societa italiana di dermatologia e sifilografia",11,17,2008,2014
International journal of medical microbiology : IJMM,11,90,2001,2009
"Journal of immunotherapy (Hagerstown, Md. : 1997)",11,143,1998,2010
Scandinavian journal of immunology,11,75,1985,2015
Seminars in cancer biology,11,232,2001,2014
Viruses,11,113,2011,2016
"American journal of reproductive immunology (New York, N.Y. : 1989)",10,140,2005,2014
Annals of the rheumatic diseases,10,211,2002,2011
Arthritis research & therapy,10,125,2005,2013
Clinical cancer research : an official journal of the American Association for Cancer Research,10,214,2001,2016
Current opinion in microbiology,10,214,1999,2014
Current problems in dermatology,10,20,1971,2011
International journal of dermatology,10,34,1976,2012
International journal of molecular sciences,10,39,2012,2017
Seikagaku. The Journal of Japanese Biochemical Society,10,0,2006,2014
Transfusion and apheresis science : official journal of the World Apheresis Association : official journal of the European Society for Haemapheresis,10,46,2001,2014
Trends in microbiology,10,147,2002,2013
Uirusu,10,0,1989,2015
Allergology international : official journal of the Japanese Society of Allergology,9,76,2007,2016
Anticancer research,9,36,1992,2016
"BioDrugs : clinical immunotherapeutics, biopharmaceuticals and gene therapy",9,31,2001,2016
Cancer treatment and research,9,31,2e3,2014
Clinical and experimental dermatology,9,39,1983,2008
Current opinion in gastroenterology,9,150,2005,2015
Current opinion in pharmacology,9,193,2001,2014
Frontiers in bioscience (Landmark edition),9,71,2009,2014
Immunological investigations,9,111,1986,2012
Journal der Deutschen Dermatologischen Gesellschaft = Journal of the German Society of Dermatology : JDDG,9,28,2005,2014
Journal of innate immunity,9,103,2009,2015
Journal of neuroimmunology,9,111,1998,2011
Novartis Foundation symposium,9,85,2003,2007
Viral immunology,9,133,2002,2015
American journal of transplantation : official journal of the American Society of Transplantation and the American Society of Transplant Surgeons,8,162,2002,2013
Biochimie,8,138,2007,2014
Cancer treatment reviews,8,108,1999,2017
Cell research,8,155,2002,2016
Chemical immunology,8,6,1992,2003
Current oncology reports,8,14,2e3,2007
Experimental hematology,8,50,1996,2016
Haematologica,8,19,1998,2006
Histology and histopathology,8,39,1989,2013
International review of cytology,8,197,1981,2006
Journal of autoimmunity,8,174,1989,2015
Journal of interferon & cytokine research : the official journal of the International Society for Interferon and Cytokine Research,8,88,2002,2014
Journal of internal medicine,8,187,2008,2016
Kidney international,8,99,1991,2015
Parasite immunology,8,151,2002,2015
Reviews in medical virology,8,79,2001,2014
Seminars in cell & developmental biology,8,78,2007,2015
The international journal of biochemistry & cell biology,8,132,2003,2009
Advances in cancer research,7,181,2002,2013
Biological chemistry,7,59,2001,2013
Biology of blood and marrow transplantation : journal of the American Society for Blood and Marrow Transplantation,7,51,1996,2014
"Blood cells, molecules & diseases",7,24,2003,2013
Cancer research,7,181,1992,2015
Cold Spring Harbor perspectives in medicine,7,40,2012,2015
Critical reviews in oncogenesis,7,29,1997,2015
Current cancer drug targets,7,78,2007,2014
Current drug targets,7,33,2002,2015
Current opinion in cell biology,7,159,2003,2014
Current opinion in HIV and AIDS,7,102,2009,2011
Current pharmaceutical biotechnology,7,57,2008,2014
Current rheumatology reports,7,66,2007,2016
Current stem cell research & therapy,7,9,2008,2016
"Endocrine, metabolic & immune disorders drug targets",7,46,2007,2013
Experimental dermatology,7,40,1993,2014
Inflammatory bowel diseases,7,134,2003,2015
La Revue de medecine interne,7,4,1996,2011
Leukemia,7,65,1999,2006
Medical microbiology and immunology,7,81,2006,2015
"Methods (San Diego, Calif.)",7,169,1999,2007
Nature medicine,7,908,1998,2012
Nature reviews. Microbiology,7,463,2004,2010
Nihon Naika Gakkai zasshi. The Journal of the Japanese Society of Internal Medicine,7,0,2003,2007
Seminars in nephrology,7,142,2007,2015
The Lancet. Oncology,7,150,2002,2015
Thrombosis and haemostasis,7,90,2006,2013
Acta dermato-venereologica. Supplementum,6,5,1989,1992
Advances in dermatology,6,25,1986,2007
Annals of oncology : official journal of the European Society for Medical Oncology,6,78,1999,2015
Archives of pathology & laboratory medicine,6,26,1988,2015
Best practice & research. Clinical haematology,6,38,2004,2011
Cancer chemotherapy and biological response modifiers,6,6,1997,2005
Cancer metastasis reviews,6,235,2005,2011
Current opinion in nephrology and hypertension,6,39,1994,2015
Current opinion in oncology,6,77,2e3,2013
Developmental and comparative immunology,6,44,2008,2016
Duodecim; laaketieteellinen aikakauskirja,6,0,1985,2014
European cytokine network,6,36,1997,2011
Gene therapy,6,51,1999,2005
Gut,6,160,2002,2013
Gut microbes,6,39,2011,2014
Human cell,6,17,1993,2014
Inflammation & allergy drug targets,6,45,2008,2009
Journal of biomedical science,6,66,1998,2011
Journal of immunological methods,6,98,1999,2016
"Medical oncology (Northwood, London, England)",6,33,1996,2013
Oncogene,6,129,2001,2015
Orvosi hetilap,6,8,2003,2015
Pharmacology & therapeutics,6,121,2003,2012
"Science (New York, N.Y.)",6,1261,1993,2012
Surgical oncology clinics of North America,6,13,2001,2008
The American Journal of dermatopathology,6,6,1987,2015
The European respiratory journal,6,84,1993,2013
Tissue antigens,6,74,2005,2014
"Transplantation reviews (Orlando, Fla.)",6,32,2009,2015
Virus genes,6,20,1988,2004
Vox sanguinis,6,20,1998,2010
Allergie et immunologie,5,2,1986,1998
Annals of transplantation,5,13,2004,2011
Archives of dermatological research,5,55,1983,2007
Archives of dermatology,5,22,1989,1997
Cancer,5,62,1978,2016
Cancer biotherapy & radiopharmaceuticals,5,28,2e3,2007
Cancer investigation,5,19,1987,2014
Cancer letters,5,58,2008,2014
Cancer science,5,98,2004,2012
"Cell cycle (Georgetown, Tex.)",5,79,2007,2009
Cell host & microbe,5,50,2009,2012
"Cellular and molecular biology (Noisy-le-Grand, France)",5,14,1994,2001
Chest,5,51,2003,2016
Current opinion in lipidology,5,86,2e3,2013
Current protein & peptide science,5,28,2005,2016
European journal of clinical investigation,5,24,2008,2015
Future microbiology,5,26,2008,2015
"Future oncology (London, England)",5,46,2009,2016
Hormone and metabolic research = Hormon- und Stoffwechselforschung = Hormones et  metabolisme,5,31,2008,2010
International immunology,5,202,2009,2015
International journal of experimental pathology,5,55,1999,2010
"Joint, bone, spine : revue du rhumatisme",5,83,2005,2014
Journal of biological regulators and homeostatic agents,5,6,1995,2013
Journal of cellular and molecular medicine,5,83,2005,2012
Journal of cellular biochemistry,5,126,2003,2009
Journal of evidence-based medicine,5,12,2013,2014
Journal of gastroenterology,5,111,2007,2016
Journal of reproductive immunology,5,61,2005,2014
"Lancet (London, England)",5,273,1990,2011
Lupus,5,112,2001,2014
Methods in enzymology,5,41,2010,2014
Methods in molecular medicine,5,28,2004,2006
Nature,5,3437,1998,2013
Nature reviews. Cancer,5,932,2002,2012
Nephron. Experimental nephrology,5,99,2008,2012
Nihon Hansenbyo Gakkai zasshi = Japanese journal of leprosy : official organ of the Japanese Leprosy Association,5,0,2005,2014
Pigment cell & melanoma research,5,37,2008,2015
"Presse medicale (Paris, France : 1983)",5,2,1985,2013
Proceedings of the American Thoracic Society,5,71,2005,2007
Recent results in cancer research. Fortschritte der Krebsforschung. Progres dans  les recherches sur le cancer,5,3,1993,2017
The Indian journal of medical research,5,39,2004,2014
The journal of gene medicine,5,55,2e3,2012
The Journal of steroid biochemistry and molecular biology,5,52,2004,2015
The New England journal of medicine,5,652,2e3,2013
The oncologist,5,38,1999,2012
Trends in parasitology,5,74,2003,2014
Zhongguo ji sheng chong xue yu ji sheng chong bing za zhi = Chinese journal of parasitology & parasitic diseases,5,0,2003,2015
"Zhurnal mikrobiologii, epidemiologii, i immunobiologii",5,0,2003,2016
Advances in anatomic pathology,4,67,1999,2009
Advances in dental research,4,37,2006,2011
"AIDS (London, England)",4,26,1995,2012
American journal of hematology,4,51,1997,2007
American journal of respiratory cell and molecular biology,4,17,1991,2009
Animal health research reviews,4,13,2004,2012
Annales de pathologie,4,0,1995,2004
"Annals of allergy, asthma & immunology : official publication of the American College of Allergy, Asthma, & Immunology",4,40,1995,2010
Anti-cancer agents in medicinal chemistry,4,16,2011,2015
Apoptosis : an international journal on programmed cell death,4,37,2001,2015
Best practice & research. Clinical gastroenterology,4,28,2004,2013
Biochemical Society transactions,4,62,2006,2013
Blood reviews,4,46,1999,2008
"Brain, behavior, and immunity",4,21,1991,2013
Cancer biology & therapy,4,27,2002,2005
Cancer control : journal of the Moffitt Cancer Center,4,30,2004,2014
Cardiovascular research,4,97,2003,2013
Casopis lekaru ceskych,4,0,1995,2009
Ciba Foundation symposium,4,27,1981,1997
Circulation research,4,105,2014,2016
Clinical and experimental medicine,4,22,2002,2010
Cold Spring Harbor perspectives in biology,4,74,2012,2014
"Comparative immunology, microbiology and infectious diseases",4,25,2003,2014
Contributions to nephrology,4,48,2004,2013
Critical reviews in oral biology and medicine : an official publication of the American Association of Oral Biologists,4,75,1996,2002
Current directions in autoimmunity,4,101,2004,2008
Current drug targets. Inflammation and allergy,4,13,2003,2005
Current opinion in pulmonary medicine,4,17,2e3,2015
Current opinion in virology,4,50,2011,2013
Current topics in pathology. Ergebnisse der Pathologie,4,38,1989,2001
"Cytokines, cellular & molecular therapy",4,13,1998,1999
Deutsche medizinische Wochenschrift (1946),4,2,2001,2012
Ernst Schering Research Foundation workshop,4,7,2e3,2005
"European journal of cancer (Oxford, England : 1990)",4,307,1991,2006
European journal of cell biology,4,72,2006,2011
European journal of pediatrics,4,6,1988,2014
European journal of pharmacology,4,96,2006,2009
Experimental gerontology,4,37,2e3,2013
Expert reviews in molecular medicine,4,30,2003,2008
Frontiers in cellular and infection microbiology,4,59,2012,2013
Histochemistry and cell biology,4,97,1999,2008
Human gene therapy,4,99,2e3,2010
Human pathology,4,17,1983,1997
Immunology and allergy clinics of North America,4,13,2006,2015
Immunology series,4,6,1989,1989
International journal for parasitology,4,97,2004,2008
"International journal of hyperthermia : the official journal of European Society  for Hyperthermic Oncology, North American Hyperthermia Group",4,34,2003,2012
International journal of oncology,4,37,1999,2013
Journal of bone and mineral research : the official journal of the American Society for Bone and Mineral Research,4,44,2003,2008
Journal of clinical virology : the official publication of the Pan American Society for Clinical Virology,4,100,2001,2008
Journal of controlled release : official journal of the Controlled Release Society,4,45,2012,2015
Journal of cutaneous pathology,4,5,1983,2015
Journal of dental research,4,82,2006,2012
Journal of immunotoxicology,4,13,2011,2014
Journal of surgical oncology,4,15,1998,2011
Journal of the American Society of Nephrology : JASN,4,109,2007,2015
Journal of virology,4,105,2004,2016
Life sciences,4,34,1996,2015
Microscopy research and technique,4,22,1997,2003
"Nanomedicine (London, England)",4,9,2012,2014
"Nephrology (Carlton, Vic.)",4,29,2006,2012
Nihon yakurigaku zasshi. Folia pharmacologica Japonica,4,1,2004,2013
"Oncology (Williston Park, N.Y.)",4,17,1999,2016
Periodontology 2000,4,56,2004,2015
Pharmacological research,4,31,2008,2016
PLoS pathogens,4,101,2008,2014
Proceedings of the National Academy of Sciences of the United States of America,4,251,2e3,2015
Revue des maladies respiratoires,4,3,1991,2010
Seminars in hematology,4,11,1999,2006
Sheng li ke xue jin zhan [Progress in physiology],4,0,1991,2007
Sheng wu yi xue gong cheng xue za zhi = Journal of biomedical engineering = Shengwu yixue gongchengxue zazhi,4,0,2001,2015
Surgical oncology,4,4,2002,2012
The American journal of surgical pathology,4,44,1979,2002
The EMBO journal,4,184,2003,2014
The Journal of general virology,4,51,1999,2016
The Journal of infectious diseases,4,31,1999,2014
The journal of investigative dermatology. Symposium proceedings,4,10,1997,2007
"Tidsskrift for den Norske laegeforening : tidsskrift for praktisk medicin, ny raekke",4,0,1999,2006
Toxicology and applied pharmacology,4,14,1992,2010
Toxicology in vitro : an international journal published in association with BIBRA,4,13,2001,2006
Toxicology letters,4,10,1995,2015
"Traffic (Copenhagen, Denmark)",4,68,2001,2011
Transfusion clinique et biologique : journal de la Societe francaise de transfusion sanguine,4,2,1998,2010
Transfusion medicine reviews,4,11,2001,2014
"Tuberculosis (Edinburgh, Scotland)",4,18,2010,2015
Virus research,4,110,2007,2014
Voprosy onkologii,4,1,2e3,2015
Zhejiang da xue xue bao. Yi xue ban = Journal of Zhejiang University. Medical sciences,4,0,2003,2015
Acta biochimica Polonica,3,7,1996,2003
Acta clinica Belgica,3,2,1997,2013
Advances in virus research,3,25,2007,2016
Ageing research reviews,3,75,2010,2011
Allergy and asthma proceedings,3,26,2007,2011
American journal of clinical pathology,3,62,2001,2007
American journal of respiratory and critical care medicine,3,89,2005,2012
Annals of medicine,3,53,2004,2007
Antioxidants & redox signaling,3,55,2010,2013
Archives of biochemistry and biophysics,3,20,2007,2016
Archives of medical research,3,45,2005,2013
Archives of virology,3,5,1988,2003
Arkhiv patologii,3,0,1985,1998
Arthritis and rheumatism,3,15,1996,2013
Behring Institute Mitteilungen,3,14,1997,1997
Biochemical and biophysical research communications,3,32,2008,2010
"BioEssays : news and reviews in molecular, cellular and developmental biology",3,83,1989,2013
"Brain pathology (Zurich, Switzerland)",3,56,2003,2009
Cancer gene therapy,3,41,2002,2013
Cancer immunology research,3,24,2014,2015
Cell adhesion and communication,3,17,1998,1998
Cell biology and toxicology,3,3,1998,2001
Chinese medical journal,3,3,2005,2014
Clinical and experimental rheumatology,3,8,2008,2015
Clinical colorectal cancer,3,11,2004,2005
Clinical oncology (Royal College of Radiologists (Great Britain)),3,10,2002,2005
Clinics in laboratory medicine,3,5,1993,2008
Cold Spring Harbor symposia on quantitative biology,3,8,1989,2013
Cornea,3,0,2016,2016
Current drug delivery,3,9,2005,2011
Current hematologic malignancy reports,3,3,2007,2015
Current opinion in infectious diseases,3,32,2004,2011
Current treatment options in oncology,3,12,2005,2014
Cutis,3,14,1993,2012
Der Pathologe,3,0,2015,2015
"Dermatology (Basel, Switzerland)",3,5,1993,1996
Digestive diseases and sciences,3,8,2007,2014
DNA and cell biology,3,27,2002,2014
"Drug design, development and therapy",3,7,2010,2016
Drug discovery today,3,5,2011,2014
Drug news & perspectives,3,12,2008,2009
European journal of haematology,3,3,2003,2015
Experimental & molecular medicine,3,50,2003,2014
"Experimental biology and medicine (Maywood, N.J.)",3,27,2007,2015
Experimental parasitology,3,37,2010,2016
Expert opinion on drug delivery,3,19,2011,2012
Expert opinion on investigational drugs,3,20,2002,2009
"Eye (London, England)",3,9,1989,1997
FEMS immunology and medical microbiology,3,50,1994,2006
Frontiers in bioscience (Scholar edition),3,13,2009,2011
Gan to kagaku ryoho. Cancer & chemotherapy,3,2,2e3,2010
Gastroenterologia y hepatologia,3,2,2005,2011
Gastroenterology,3,73,2004,2011
"Hematology (Amsterdam, Netherlands)",3,4,2003,2005
"Hepatology (Baltimore, Md.)",3,92,2007,2014
Human vaccines,3,48,2010,2011
Innate immunity,3,29,2008,2013
International journal of cancer,3,73,2001,2013
International journal of clinical and experimental pathology,3,19,2009,2013
"Iranian journal of allergy, asthma, and immunology",3,10,2007,2016
Journal de la Societe de biologie,3,2,2001,2001
Journal of biosciences,3,9,2007,2017
Journal of clinical oncology : official journal of the American Society of Clinical Oncology,3,17,2e3,2015
Journal of gastroenterology and hepatology,3,15,2e3,2013
Journal of hematotherapy & stem cell research,3,9,2001,2002
Journal of nephrology,3,12,2010,2013
Journal of neuroimmune pharmacology : the official journal of the Society on NeuroImmune Pharmacology,3,21,2011,2012
Journal of oral pathology & medicine : official publication of the International  Association of Oral Pathologists and the American Academy of Oral Pathology,3,24,1993,2007
Journal of pediatric gastroenterology and nutrition,3,7,2004,2008
Journal of pharmacological sciences,3,42,2005,2014
Journal of the Royal College of Surgeons of Edinburgh,3,12,2001,2002
Journal of thrombosis and haemostasis : JTH,3,24,2007,2009
Lymphatic research and biology,3,43,2004,2013
Mechanisms of ageing and development,3,25,2001,2014
Mini reviews in medicinal chemistry,3,5,2005,2015
"Modern pathology : an official journal of the United States and Canadian Academy  of Pathology, Inc",3,17,1998,2016
Molecular aspects of medicine,3,194,2009,2011
Molecular biotechnology,3,18,2001,2007
"Molecular medicine (Cambridge, Mass.)",3,40,2001,2012
Molecular medicine today,3,4,1997,1999
Molecular therapy : the journal of the American Society of Gene Therapy,3,53,2005,2011
Molecules and cells,3,16,2010,2012
Monaldi archives for chest disease = Archivio Monaldi per le malattie del torace,3,2,2e3,2006
Nature reviews. Molecular cell biology,3,168,2001,2010
Nature reviews. Rheumatology,3,22,2009,2016
Nederlands tijdschrift voor geneeskunde,3,0,1999,2011
Nestle Nutrition workshop series. Paediatric programme,3,32,2008,2008
Nihon Jinzo Gakkai shi,3,0,2008,2014
Oral diseases,3,23,2002,2013
"Oral surgery, oral medicine, oral pathology, oral radiology, and endodontics",3,21,1997,2009
Pathology,3,3,2002,2011
"Pathology, research and practice",3,15,1994,1999
Pharmaceutical research,3,26,2002,2012
Photochemistry and photobiology,3,24,1989,1996
Physiological reviews,3,238,2002,2012
PloS one,3,46,2011,2014
Protein & cell,3,34,2011,2012
Przeglad dermatologiczny,3,0,1976,1988
Regional immunology,3,7,1989,1992
Retrovirology,3,92,2009,2016
Reviews on recent clinical trials,3,9,2008,2008
Revista medica de Chile,3,1,2004,2016
"Rheumatology (Oxford, England)",3,8,2007,2016
Rheumatology international,3,10,1987,2011
Seminars in diagnostic pathology,3,33,1988,2007
Swiss medical weekly,3,15,2006,2013
The British journal of cancer. Supplement,3,16,1994,1994
The Journal of laryngology and otology,3,7,1989,2008
The ocular surface,3,35,2008,2014
Thrombosis research,3,37,2004,2010
Transplant international : official journal of the European Society for Organ Transplantation,3,116,2006,2012
Trends in biotechnology,3,52,2006,2014
Trends in cell biology,3,71,1998,2008
Trends in pharmacological sciences,3,53,2011,2012
Tumour biology : the journal of the International Society for Oncodevelopmental Biology and Medicine,3,1,2015,2017
Virchows Archiv : an international journal of pathology,3,32,2003,2010
Virology,3,236,2001,2005
Zhonghua xue ye xue za zhi = Zhonghua xueyexue zazhi,3,0,2012,2014
Acta dermato-venereologica,2,3,2007,2008
Acta dermatovenerologica Croatica : ADC,2,11,2009,2011
Acta haematologica,2,4,2003,2012
Acta microbiologica et immunologica Hungarica,2,1,1996,2006
"Acta physiologica (Oxford, England)",2,3,2014,2015
"Advanced materials (Deerfield Beach, Fla.)",2,71,2012,2014
Advances in enzyme regulation,2,18,1997,2010
"Advances in pharmacology (San Diego, Calif.)",2,5,2e3,2004
AIDS research and human retroviruses,2,44,1994,2009
AIDS reviews,2,6,2013,2014
Allergologia et immunopathologia,2,1,2006,2008
American journal of contact dermatitis : official journal of the American Contact Dermatitis Society,2,3,1998,1998
American journal of physiology. Cell physiology,2,17,2011,2013
Annales de biologie clinique,2,1,1999,2e3
Annals of hematology,2,3,2002,2012
Annals of surgery,2,24,1990,1997
Annals of the American Thoracic Society,2,4,2014,2014
Annual review of biomedical engineering,2,32,2012,2015
Annual review of medicine,2,38,1992,1999
APMIS. Supplementum,2,6,1989,1991
Archives de pediatrie : organe officiel de la Societe francaise de pediatrie,2,0,1999,2002
Archives of pharmacal research,2,2,2016,2017
"Arteriosclerosis, thrombosis, and vascular biology",2,32,2014,2015
Arthritis research,2,35,2002,2002
Basic research in cardiology,2,18,2013,2015
Biochemistry. Biokhimiia,2,3,2014,2015
"BioFactors (Oxford, England)",2,15,2009,2010
Biological research,2,6,2011,2014
Biologie aujourd'hui,2,1,2015,2015
Biomedica : revista del Instituto Nacional de Salud,2,0,2004,2011
Biomedicine & pharmacotherapy = Biomedecine & pharmacotherapie,2,3,2003,2007
Biomeditsinskaia khimiia,2,0,2015,2015
Bioscience reports,2,21,2002,2002
BioTechniques,2,50,2002,2002
Biotechnology & genetic engineering reviews,2,0,2e3,2001
BMJ (Clinical research ed.),2,23,2001,2015
Bone marrow transplantation,2,6,2005,2015
British journal of cancer,2,41,2002,2005
British medical bulletin,2,40,2001,2001
Cancer cell,2,14,2004,2017
Cell and tissue research,2,7,2010,2015
Cell biology international,2,5,1996,2011
"Cellular physiology and biochemistry : international journal of experimental cellular physiology, biochemistry, and pharmacology",2,8,2014,2014
Central nervous system agents in medicinal chemistry,2,13,2010,2010
Circulation,2,6,2011,2013
Clinical & translational oncology : official publication of the Federation of Spanish Oncology Societies and of the National Cancer Institute of Mexico,2,4,2007,2008
Clinical advances in hematology & oncology : H&O,2,1,2012,2012
Clinical and experimental pharmacology & physiology,2,17,2006,2006
Clinical calcium,2,0,2011,2015
Clinical journal of oncology nursing,2,3,2005,2006
Clinical microbiology and infection : the official publication of the European Society of Clinical Microbiology and Infectious Diseases,2,14,2006,2012
Clinical reviews in allergy,2,0,1986,1989
"Clinical science (London, England : 1979)",2,20,2003,2015
Clinics in chest medicine,2,15,2e3,2004
Clinics in geriatric medicine,2,1,1985,1989
Contact dermatitis,2,23,1992,2009
Contributions to microbiology,2,10,2007,2008
Critical care medicine,2,70,2002,2005
Critical reviews in biochemistry and molecular biology,2,10,1996,2003
Critical reviews in eukaryotic gene expression,2,4,2001,2015
Critical reviews in food science and nutrition,2,3,2012,2014
Current diabetes reports,2,4,2003,2008
Current drug metabolism,2,29,2007,2007
"Current drug targets. Immune, endocrine and metabolic disorders",2,2,2004,2005
Current gastroenterology reports,2,9,2004,2006
Current hematology reports,2,4,2004,2004
Current neurology and neuroscience reports,2,10,2007,2014
Current opinion in drug discovery & development,2,7,2003,2003
Current opinion in obstetrics & gynecology,2,24,2004,2009
Current protocols in immunology,2,24,2008,2014
Current topics in medical mycology,2,1,1985,1993
Der Urologe. Ausg. A,2,0,2002,2008
Dermatologica,2,1,1987,1990
Developments in biologicals,2,16,2001,2003
Diabetes,2,102,2008,2013
Diabetes/metabolism research and reviews,2,20,2009,2010
Diabetologia,2,9,2013,2015
Diagnostic cytopathology,2,6,1997,2009
"Digestive diseases (Basel, Switzerland)",2,9,2012,2016
Drug resistance updates : reviews and commentaries in antimicrobial and anticancer chemotherapy,2,16,2006,2013
Drugs,2,12,2006,2009
Endocrinology and metabolism clinics of North America,2,73,2002,2010
European annals of allergy and clinical immunology,2,0,2005,2006
European urology,2,16,2006,2007
Experimental and molecular pathology,2,12,2008,2009
Expert review of anti-infective therapy,2,2,2004,2004
Expert review of molecular diagnostics,2,9,2009,2010
Expert review of neurotherapeutics,2,2,2005,2011
Expert review of respiratory medicine,2,7,2014,2014
EXS,2,2,2013,2013
FEBS letters,2,48,2006,2011
Folia biologica,2,2,1994,2008
Folia histochemica et cytobiologica,2,8,2005,2014
Frontiers in bioscience (Elite edition),2,3,2009,2010
Frontiers of medicine,2,8,2011,2013
Future cardiology,2,9,2009,2011
Gerontology,2,9,2013,2013
Glycobiology,2,53,2009,2009
"Growth factors (Chur, Switzerland)",2,51,2005,2015
Harefuah,2,0,1989,1989
Human reproduction update,2,68,2009,2010
Indian journal of biochemistry & biophysics,2,4,2002,2008
Inflammation,2,29,2012,2014
Inflammation research : official journal of the European Histamine Research Society ... [et al.],2,5,2004,2004
"Internal medicine (Tokyo, Japan)",2,22,2001,2006
International archives of allergy and applied immunology,2,7,1989,1991
International journal of biological sciences,2,23,2011,2011
International journal of infectious diseases : IJID : official publication of the International Society for Infectious Diseases,2,20,2007,2013
International journal of molecular medicine,2,14,2008,2015
International journal of nanomedicine,2,44,2010,2013
International journal of occupational medicine and environmental health,2,6,2003,2005
International journal of rheumatic diseases,2,4,2015,2015
International review of cell and molecular biology,2,12,2009,2009
Intervirology,2,16,2e3,2001
Iranian journal of immunology : IJI,2,3,2007,2007
Italian journal of anatomy and embryology = Archivio italiano di anatomia ed embriologia,2,4,2001,2014
Japanese journal of clinical oncology,2,16,1992,2008
Journal of aerosol medicine : the official journal of the International Society for Aerosols in Medicine,2,10,2001,2002
Journal of atherosclerosis and thrombosis,2,9,2012,2012
Journal of biology,2,67,2006,2006
Journal of cancer research and therapeutics,2,5,2007,2011
Journal of clinical rheumatology : practical reports on rheumatic & musculoskeletal diseases,2,2,2011,2012
Journal of drugs in dermatology : JDD,2,2,2010,2012
Journal of endodontics,2,21,2007,2007
Journal of endotoxin research,2,8,2006,2007
Journal of hepatology,2,46,2008,2010
Journal of investigative medicine : the official publication of the American Federation for Clinical Research,2,10,2005,2016
Journal of liposome research,2,5,2003,2005
Journal of molecular biology,2,25,2013,2013
Journal of stem cells,2,1,2011,2014
Journal of the European Academy of Dermatology and Venereology : JEADV,2,3,2001,2012
Journal of the National Cancer Institute,2,62,2002,2014
La Revue du praticien,2,0,2002,2007
Laboratory investigation; a journal of technical methods and pathology,2,31,2010,2015
Langenbeck's archives of surgery,2,12,2007,2012
Liver transplantation : official publication of the American Association for the  Study of Liver Diseases and the International Liver Transplantation Society,2,20,2003,2005
mAbs,2,23,2010,2010
Magyar onkologia,2,2,2004,2013
Medical and pediatric oncology,2,66,1994,1997
Medical molecular morphology,2,8,2005,2016
Medical mycology,2,28,2005,2009
Medicina,2,1,1998,2007
Medicina clinica,2,0,2e3,2012
Medicinal research reviews,2,8,2007,2015
Methods in cell biology,2,19,2011,2011
Microbial pathogenesis,2,4,2012,2015
"Micron (Oxford, England : 1993)",2,67,2004,2005
Minerva ginecologica,2,3,2002,2005
Minerva stomatologica,2,0,1988,1991
MMW Fortschritte der Medizin,2,0,2011,2014
Molecular and cellular biochemistry,2,5,1993,2003
"Morfologiia (Saint Petersburg, Russia)",2,0,1997,2013
Muscle & nerve,2,6,2004,2010
Nature biotechnology,2,47,1998,2004
Nature clinical practice. Oncology,2,23,2005,2006
Nature clinical practice. Rheumatology,2,19,2006,2006
Nature reviews. Nephrology,2,53,2014,2014
"Nephrology, dialysis, transplantation : official publication of the European",2,10,2003,2010
Nephron. Clinical practice,2,7,2014,2014
Neuro endocrinology letters,2,0,2009,2011
Neurochemical research,2,21,2010,2013
Neuroimmunomodulation,2,8,2010,2010
Neurologia medico-chirurgica,2,5,2008,2013
Nihon Jibiinkoka Gakkai kaiho,2,0,2002,2011
Nutrients,2,8,2015,2017
ORL; journal for oto-rhino-laryngology and its related specialties,2,7,2005,2005
Pathologica,2,1,1992,2002
Pathology annual,2,0,1983,1988
Pathology international,2,55,1996,2011
Pediatric and developmental pathology : the official journal of the Society for Pediatric Pathology and the Paediatric Pathology Society,2,0,2004,2015
Pediatric blood & cancer,2,8,2004,2013
Pediatric dermatology,2,5,2011,2015
Pediatric diabetes,2,14,2008,2012
Pediatric pathology,2,4,1990,1993
"Philosophical transactions of the Royal Society of London. Series B, Biological sciences",2,45,2001,2011
Photo-dermatology,2,3,1986,1988
Placenta,2,18,2005,2005
Polish journal of pathology : official journal of the Polish Society of Pathologists,2,3,2010,2012
Postepy higieny i medycyny doswiadczalnej,2,1,2003,2004
Praxis,2,1,2001,2003
"Proceedings of the Japan Academy. Series B, Physical and biological sciences",2,0,2016,2017
Progress in retinal and eye research,2,340,2001,2011
Pulmonary pharmacology & therapeutics,2,15,2005,2012
"Recent patents on endocrine, metabolic & immune drug discovery",2,6,2013,2013
Recent patents on inflammation & allergy drug discovery,2,4,2007,2011
Respiratory research,2,26,2001,2001
Revista brasileira de reumatologia,2,3,2010,2011
Revista de neurologia,2,1,2003,2008
Revista espanola de enfermedades digestivas : organo oficial de la Sociedad Espanola de Patologia Digestiva,2,6,2007,2013
Revue francaise de gynecologie et d'obstetrique,2,2,1991,1991
Revue medicale de Bruxelles,2,0,2e3,2004
Rheumatic diseases clinics of North America,2,10,1987,2004
Romanian journal of internal medicine = Revue roumaine de medecine interne,2,0,2010,2011
Romanian journal of morphology and embryology = Revue roumaine de morphologie et  embryologie,2,0,2015,2016
Rossiiskii fiziologicheskii zhurnal imeni I.M. Sechenova,2,0,2009,2013
Scandinavian journal of gastroenterology,2,9,2012,2014
Scandinavian journal of rheumatology. Supplement,2,0,1988,1988
Science China. Life sciences,2,4,2010,2015
Science's STKE : signal transduction knowledge environment,2,4,2003,2004
Seminars in dermatology,2,0,1988,1990
Seminars in liver disease,2,34,1997,2007
"Shock (Augusta, Ga.)",2,26,2003,2009
Stem cell reviews,2,15,2006,2006
Sub-cellular biochemistry,2,26,2008,2008
Surgery,2,1,2002,2005
Survey of ophthalmology,2,7,2012,2015
Technology in cancer research & treatment,2,1,2003,2003
The American journal of pathology,2,15,2012,2015
The British journal of nutrition,2,40,2006,2013
The Histochemical journal,2,17,1992,1995
The International journal of biological markers,2,5,1986,2007
The journal of medical investigation : JMI,2,13,2002,2002
The journal of obstetrics and gynaecology research,2,17,2007,2013
The Journal of pathology,2,27,1984,2004
The Journal of urology,2,9,2001,2004
The Keio journal of medicine,2,39,2004,2009
The Lancet. Infectious diseases,2,46,2004,2005
The Proceedings of the Nutrition Society,2,58,2010,2011
The review of diabetic studies : RDS,2,3,2012,2012
The surgeon : journal of the Royal Colleges of Surgeons of Edinburgh and Ireland,2,4,2004,2006
The Tohoku journal of experimental medicine,2,4,1998,2005
The Yale journal of biology and medicine,2,8,1982,2014
The Year in immunology,2,0,1988,1989
Therapeutic delivery,2,13,2012,2012
Therapeutische Umschau. Revue therapeutique,2,0,1994,2006
TheScientificWorldJournal,2,10,2011,2012
Thymus,2,8,1992,1993
Toxicologic pathology,2,79,2005,2006
Transactions of the Royal Society of Tropical Medicine and Hygiene,2,7,2007,2008
"Transfusion medicine (Oxford, England)",2,4,1998,2004
Translational research : the journal of laboratory and clinical medicine,2,30,2009,2015
Tumori,2,8,2004,2008
Ugeskrift for laeger,2,0,2e3,2006
Upsala journal of medical sciences,2,26,2004,2011
Verhandlungen der Deutschen Gesellschaft fur Pathologie,2,1,1991,2003
Vestnik dermatologii i venerologii,2,0,1981,1985
Virology journal,2,16,2009,2015
Vitamins and hormones,2,12,2011,2011
Voprosy virusologii,2,0,2006,2015
Zhongguo yi xue ke xue yuan xue bao. Acta Academiae Medicinae Sinicae,2,0,2003,2009
Zhonghua bing li xue za zhi = Chinese journal of pathology,2,0,2012,2012
Zhonghua gan zang bing za zhi = Zhonghua ganzangbing zazhi = Chinese journal of hepatology,2,2,2009,2009
Zhonghua nan ke xue = National journal of andrology,2,0,2007,2013
[Zhonghua yan ke za zhi] Chinese journal of ophthalmology,1,0,2010,2010
Acta cytologica,1,3,1991,1991
Acta gastro-enterologica Belgica,1,0,2009,2009
Acta medica Indonesiana,1,0,2015,2015
Acta medica Okayama,1,3,2012,2012
Acta morphologica Hungarica,1,0,1989,1989
Acta neurochirurgica. Supplement,1,6,2005,2005
Acta neurologica Scandinavica. Supplementum,1,2,1992,1992
Acta neuropathologica,1,21,2012,2012
Acta odontologica Scandinavica,1,17,2001,2001
Acta oto-laryngologica,1,7,2010,2010
Acta physiologica Hungarica,1,1,2012,2012
Acta reumatologica portuguesa,1,4,2008,2008
Actas dermo-sifiliograficas,1,0,2011,2011
Actas urologicas espanolas,1,2,2007,2007
"Advances in anatomy, embryology, and cell biology",1,1,2011,2011
Advances in applied microbiology,1,20,2010,2010
Advances in genetics,1,5,2005,2005
Advances in parasitology,1,16,2004,2004
Advances in surgery,1,0,2002,2002
Advances in veterinary medicine,1,0,1999,1999
Aging cell,1,76,2004,2004
Aging clinical and experimental research,1,58,2009,2009
Ai zheng = Aizheng = Chinese journal of cancer,1,0,2002,2002
AIDS research and therapy,1,3,2016,2016
AJR. American journal of roentgenology,1,111,2009,2009
Aktuelle Urologie,1,0,2005,2005
Akusherstvo i ginekologiia,1,1,2009,2009
"Alcoholism, clinical and experimental research",1,4,2011,2011
Alternative medicine review : a journal of clinical therapeutic,1,138,2003,2003
American journal of clinical oncology,1,4,2012,2012
American journal of epidemiology,1,33,1990,1990
American journal of otolaryngology,1,0,1995,1995
American journal of physiology. Gastrointestinal and liver physiology,1,8,2011,2011
American journal of physiology. Renal physiology,1,6,2008,2008
American journal of rhinology & allergy,1,0,2017,2017
Amino acids,1,14,2011,2011
Anales de la Real Academia Nacional de Medicina,1,0,2007,2007
Anales del sistema sanitario de Navarra,1,0,2004,2004
"Anatomical record (Hoboken, N.J. : 2007)",1,0,2015,2015
Anatomy and embryology,1,25,1996,1996
Angiogenesis,1,17,2013,2013
Annales de medecine interne,1,0,1984,1984
Annals of anatomy = Anatomischer Anzeiger : official organ of the Anatomische Gesellschaft,1,15,2010,2010
Annals of biomedical engineering,1,2,2011,2011
Annals of internal medicine,1,74,1996,1996
Annals of parasitology,1,4,2012,2012
Annals of surgical oncology,1,1,1999,1999
"Annals of the Academy of Medicine, Singapore",1,0,1988,1988
Annual review of animal biosciences,1,9,2014,2014
Annual review of cell and developmental biology,1,16,2014,2014
Annual review of microbiology,1,55,2008,2008
Annual review of pathology,1,13,2012,2012
Annual review of physiology,1,14,2014,2014
Anti-cancer drugs,1,13,2005,2005
Anti-inflammatory & anti-allergy agents in medicinal chemistry,1,0,2013,2013
Antimicrobial agents and chemotherapy,1,32,2005,2005
Antiviral research,1,25,2010,2010
ANZ journal of surgery,1,3,2002,2002
Applied immunohistochemistry & molecular morphology : AIMM,1,2,2007,2007
Arbeiten aus dem Paul-Ehrlich-Institut (Bundesinstitut fur Impfstoffe und biomedizinische Arzneimittel) Langen/Hessen,1,0,2009,2009
Archives of histology and cytology,1,5,2010,2010
Archives of oral biology,1,2,2013,2013
Archives of toxicology,1,0,2016,2016
Archives of toxicology. Supplement. = Archiv fur Toxikologie. Supplement,1,0,1997,1997
Archivio stomatologico,1,0,1990,1990
"Arkhiv anatomii, gistologii i embriologii",1,0,1988,1988
Asian cardiovascular & thoracic annals,1,1,2006,2006
"Auris, nasus, larynx",1,17,2011,2011
Autophagy,1,35,2010,2010
Bailliere's clinical haematology,1,34,1995,1995
Beneficial microbes,1,10,2011,2011
Berliner und Munchener tierarztliche Wochenschrift,1,2,2006,2006
Best practice & research. Clinical rheumatology,1,19,2008,2008
Bing du xue bao = Chinese journal of virology,1,0,2010,2010
Bio-medical materials and engineering,1,3,2006,2006
Biochemical pharmacology,1,6,2010,2010
Biochemistry,1,25,2010,2010
Biological & pharmaceutical bulletin,1,1,2005,2005
Biology of reproduction,1,32,2007,2007
Biomedicine / [publiee pour l'A.A.I.C.I.G.],1,27,1973,1973
Biomolecular concepts,1,0,2016,2016
Biomolecules,1,1,2016,2016
Biotechnic & histochemistry : official publication of the Biological Stain Commission,1,17,2012,2012
Biotechnology progress,1,8,2009,2009
BJU international,1,5,2011,2011
Blut,1,2,1987,1987
BMB reports,1,2,2014,2014
Brazilian journal of medical and biological research = Revista brasileira de pesquisas medicas e biologicas,1,3,1996,1996
Breast cancer research : BCR,1,30,2008,2008
Breast disease,1,3,2005,2005
British journal of neurosurgery,1,1,2014,2014
British journal of pharmacology,1,33,2009,2009
Bulletin de l'Academie nationale de medecine,1,1,2013,2013
Bulletin of the NYU hospital for joint diseases,1,14,2007,2007
"Bundesgesundheitsblatt, Gesundheitsforschung, Gesundheitsschutz",1,0,2015,2015
CA: a cancer journal for clinicians,1,70,2012,2012
Canadian journal of gastroenterology = Journal canadien de gastroenterologie,1,6,2006,2006
Canadian journal of physiology and pharmacology,1,11,2007,2007
Cancer detection and prevention,1,1,2002,2002
Cell biochemistry and biophysics,1,2,2004,2004
Cell communication & adhesion,1,0,2015,2015
Cell death & disease,1,15,2013,2013
Cell stress & chaperones,1,10,2001,2001
Cell structure and function,1,20,2005,2005
Cell transplantation,1,0,2009,2009
Cellular signalling,1,42,2010,2010
Ceska gynekologie,1,0,2012,2012
Chemical Society reviews,1,10,2010,2010
Child's nervous system : ChNS : official journal of the International Society for Pediatric Neurosurgery,1,7,2004,2004
Chinese clinical oncology,1,1,2016,2016
Chinese journal of cancer,1,5,2011,2011
Circulation journal : official journal of the Japanese Circulation Society,1,23,2009,2009
Clinical and applied thrombosis/hemostasis : official journal of the International Academy of Clinical and Applied Thrombosis/Hemostasis,1,2,2012,2012
Clinical and experimental nephrology,1,4,2009,2009
Clinical and investigative medicine. Medecine clinique et experimentale,1,0,1978,1978
Clinical breast cancer,1,4,2003,2003
Clinical chemistry and laboratory medicine,1,0,2013,2013
Clinical endocrinology,1,60,2011,2011
Clinical infectious diseases : an official publication of the Infectious Diseases Society of America,1,0,1997,1997
Clinical journal of gastroenterology,1,0,2015,2015
Clinical journal of the American Society of Nephrology : CJASN,1,4,2015,2015
Clinical laboratory,1,3,2011,2011
Clinical laboratory science : journal of the American Society for Medical Technology,1,1,2003,2003
Clinical medicine & research,1,31,2005,2005
Clinical microbiology reviews,1,12,1997,1997
Clinical neurosurgery,1,1,2007,2007
Clinical obstetrics and gynecology,1,6,1993,1993
Clinical rheumatology,1,0,2015,2015
Clinical therapeutics,1,3,2015,2015
Clinical transplantation,1,4,1996,1996
Comptes rendus biologies,1,4,2004,2004
Comptes rendus des seances de la Societe de biologie et de ses filiales,1,0,1994,1994
Computational and mathematical methods in medicine,1,1,2012,2012
Contemporary topics in molecular immunology,1,0,1981,1981
COPD,1,4,2009,2009
Critical reviews in microbiology,1,1,2014,2014
Critical reviews in therapeutic drug carrier systems,1,8,2002,2002
Critical reviews in toxicology,1,1,1997,1997
Croatian medical journal,1,1,2001,2001
Cryobiology,1,35,2008,2008
Current aging science,1,3,2013,2013
Current allergy reports,1,0,2002,2002
Current drug targets. Infectious disorders,1,8,2002,2002
Current eye research,1,9,2013,2013
Current HIV/AIDS reports,1,54,2010,2010
Current issues in molecular biology,1,4,2004,2004
Current medical research and opinion,1,0,2e3,2e3
Current neurovascular research,1,5,2005,2005
Current opinion in chemical biology,1,2,2013,2013
Current opinion in dentistry,1,0,1991,1991
"Current opinion in endocrinology, diabetes, and obesity",1,6,2012,2012
Current opinion in genetics & development,1,18,2001,2001
Current opinion in neurobiology,1,8,1995,1995
Current opinion in otolaryngology & head and neck surgery,1,3,2012,2012
Current opinion in urology,1,0,2e3,2e3
Current topics in medicinal chemistry,1,5,2013,2013
Current urology reports,1,1,2002,2002
Cutaneous and ocular toxicology,1,1,2012,2012
Cytotechnology,1,2,1997,1997
Danish medical bulletin,1,0,1989,1989
Der Internist,1,0,2001,2001
Der Nervenarzt,1,0,2007,2007
Der Ophthalmologe : Zeitschrift der Deutschen Ophthalmologischen Gesellschaft,1,1,2006,2006
Der Orthopade,1,0,2007,2007
Dermatologische Monatschrift,1,0,1985,1985
Dermatology online journal,1,0,2014,2014
Diabetes & metabolism,1,19,2011,2011
Diagnostic pathology,1,2,2012,2012
Digestion,1,2,1995,1995
Disease markers,1,7,2007,2007
Dong wu xue yan jiu = Zoological research,1,2,2010,2010
Drug metabolism reviews,1,2,2013,2013
Drugs & aging,1,2,2007,2007
"Drugs of today (Barcelona, Spain : 1998)",1,0,2006,2006
EMBO molecular medicine,1,12,2010,2010
EMBO reports,1,10,2012,2012
Endocrine-related cancer,1,5,2006,2006
Endocrinologia y nutricion : organo de la Sociedad Espanola de Endocrinologia y Nutricion,1,5,2010,2010
Endoscopy,1,4,1992,1992
Environmental and molecular mutagenesis,1,5,2013,2013
Environmental health perspectives,1,9,1998,1998
Epigenetics,1,13,2013,2013
Epigenomics,1,5,2013,2013
European archives of oto-rhino-laryngology : official journal of the European,1,0,2003,2003
European heart journal,1,42,2005,2005
European journal of endocrinology,1,5,1997,1997
European journal of gynaecological oncology,1,1,1987,1987
European journal of histochemistry : EJH,1,0,2e3,2e3
European journal of internal medicine,1,3,2012,2012
European journal of pharmaceutics and biopharmaceutics : official journal of Arbeitsgemeinschaft fur Pharmazeutische Verfahrenstechnik e.V,1,1,2015,2015
European review for medical and pharmacological sciences,1,0,2002,2002
"Experimental and clinical endocrinology & diabetes : official journal, German Society of Endocrinology [and] German Diabetes Association",1,0,1996,1996
Experimental and clinical transplantation : official journal of the Middle East Society for Organ Transplantation,1,0,2006,2006
Experimental animals,1,4,2012,2012
Experimental cell research,1,14,2013,2013
Experimental lung research,1,1,2006,2006
Experimental nephrology,1,1,1993,1993
Experimental oncology,1,4,2007,2007
Expert opinion on emerging drugs,1,3,2003,2003
Expert opinion on therapeutic patents,1,5,2011,2011
Expert review of gastroenterology & hepatology,1,6,2010,2010
Expert review of hematology,1,1,2014,2014
FASEB journal : official publication of the Federation of American Societies for  Experimental Biology,1,7,2006,2006
FEMS microbiology letters,1,3,2006,2006
"Fiziolohichnyi zhurnal (Kiev, Ukraine : 1994)",1,3,2013,2013
Folia morphologica,1,0,2003,2003
Food and chemical toxicology : an international journal published for the British Industrial Biological Research Association,1,8,2013,2013
Fortschritte der Medizin,1,0,1994,1994
"Forum (Genoa, Italy)",1,2,1999,1999
Free radical biology & medicine,1,101,2008,2008
Frontiers of biology,1,0,1975,1975
Fukuoka igaku zasshi = Hukuoka acta medica,1,0,2007,2007
Gastroenterologie clinique et biologique,1,0,2001,2001
Gastroenterology clinics of North America,1,4,2014,2014
Gastrointestinal endoscopy clinics of North America,1,1,2007,2007
Genes & development,1,77,2e3,2e3
Genes and immunity,1,25,2007,2007
Genetics and molecular research : GMR,1,0,2016,2016
Geriatrics,1,1,1988,1988
Giornale italiano di nefrologia : organo ufficiale della Societa italiana di nefrologia,1,0,2005,2005
Glycoconjugate journal,1,2,2012,2012
Gynecologic oncology,1,11,2005,2005
Gynecological endocrinology : the official journal of the International Society of Gynecological Endocrinology,1,0,2002,2002
Haemophilia : the official journal of the World Federation of Hemophilia,1,6,2008,2008
Hand clinics,1,3,2011,2011
Head & neck,1,12,2008,2008
Head and neck pathology,1,2,2013,2013
Heart failure reviews,1,5,2014,2014
"Heart, lung & circulation",1,11,2013,2013
Hematological oncology,1,1,2014,2014
Hematology. American Society of Hematology. Education Program,1,0,2016,2016
Hepato-gastroenterology,1,0,2001,2001
Hepatobiliary & pancreatic diseases international : HBPD INT,1,7,2010,2010
Histopathology,1,20,2001,2001
HIV clinical trials,1,27,2003,2003
HNO,1,0,2005,2005
Hormones and behavior,1,24,2012,2012
"Hospital medicine (London, England : 1998)",1,0,2004,2004
Hospital practice (1995),1,0,1995,1995
I supplementi di Tumori : official journal of Societa italiana di cancerologia ... [et al.],1,0,2003,2003
Ideggyogyaszati szemle,1,1,2012,2012
ILAR journal,1,4,2005,2005
Indian journal of experimental biology,1,1,2007,2007
Infection,1,2,2004,2004
Infection and immunity,1,12,2001,2001
Infectious disease clinics of North America,1,0,1994,1994
"Infectious diseases (London, England)",1,0,2016,2016
Infectious disorders drug targets,1,6,2012,2012
Inflammopharmacology,1,3,2009,2009
Injury,1,27,2007,2007
Integrative biology : quantitative biosciences from nano to macro,1,2,2010,2010
International angiology : a journal of the International Union of Angiology,1,1,1995,1995
International journal of andrology,1,12,2011,2011
International journal of cardiology,1,4,2006,2006
International journal of clinical & laboratory research,1,9,1998,1998
International journal of colorectal disease,1,10,2003,2003
International journal of gynecological cancer : official journal of the International Gynecological Cancer Society,1,0,2003,2003
International journal of immunopathology and pharmacology,1,10,2008,2008
"International journal of radiation oncology, biology, physics",1,68,2005,2005
International journal of STD & AIDS,1,5,2006,2006
International journal of surgical pathology,1,3,2009,2009
International ophthalmology clinics,1,4,2009,2009
Investigacion clinica,1,2,2011,2011
Investigative & cell pathology,1,1,1979,1979
Iranian journal of kidney diseases,1,0,2014,2014
IUBMB life,1,6,2e3,2e3
JAMA,1,56,1998,1998
JAMA oncology,1,18,2015,2015
Journal de biologie buccale,1,0,1986,1986
"Journal de gynecologie, obstetrique et biologie de la reproduction",1,0,2014,2014
Journal de parodontologie,1,0,1987,1987
Journal francais d'ophtalmologie,1,0,2007,2007
Journal of AOAC International,1,2,2012,2012
Journal of B.U.ON. : official journal of the Balkan Union of Oncology,1,1,2010,2010
Journal of biochemistry,1,4,2006,2006
Journal of biomedical materials research. Part A,1,33,2010,2010
Journal of biomedical nanotechnology,1,0,2016,2016
Journal of biomedical optics,1,3,2012,2012
Journal of biotechnology,1,1,1999,1999
Journal of cell science,1,26,2003,2003
Journal of cellular physiology,1,5,2005,2005
Journal of clinical and experimental hematopathology : JCEH,1,3,2012,2012
Journal of clinical apheresis,1,0,2014,2014
Journal of clinical gastroenterology,1,13,2006,2006
Journal of drug targeting,1,1,2012,2012
"Journal of environmental pathology, toxicology and oncology : official organ of the International Society for Environmental Toxicology and Cancer",1,2,2003,2003
Journal of ethnopharmacology,1,1,2015,2015
Journal of experimental & clinical cancer research : CR,1,0,2004,2004
Journal of gastrointestinal surgery : official journal of the Society for Surgery of the Alimentary Tract,1,7,2014,2014
Journal of gynecologic oncology,1,5,2016,2016
Journal of hematotherapy,1,3,1998,1998
Journal of immunogenetics,1,1,1989,1989
Journal of inherited metabolic disease,1,15,2013,2013
Journal of mammary gland biology and neoplasia,1,3,2002,2002
Journal of medical and dental sciences,1,12,2006,2006
Journal of medical virology,1,1,2015,2015
Journal of microbiology and biotechnology,1,6,2007,2007
Journal of molecular endocrinology,1,10,2012,2012
Journal of molecular recognition : JMR,1,8,2003,2003
Journal of nanobiotechnology,1,1,2017,2017
"Journal of neural transmission (Vienna, Austria : 1996)",1,4,2012,2012
Journal of neuro-oncology,1,11,2003,2003
Journal of neuro-ophthalmology : the official journal of the North American,1,8,2012,2012
Journal of neurology,1,4,2005,2005
Journal of neuroscience research,1,6,2007,2007
Journal of neurotrauma,1,30,2006,2006
Journal of Nippon Medical School = Nippon Ika Daigaku zasshi,1,0,2001,2001
"Journal of nuclear medicine : official publication, Society of Nuclear Medicine",1,9,2010,2010
Journal of perinatal medicine,1,0,1982,1982
Journal of periodontal research,1,5,2006,2006
"Journal of photochemistry and photobiology. B, Biology",1,1,1988,1988
Journal of physiology and pharmacology : an official journal of the Polish Physiological Society,1,3,2006,2006
Journal of postgraduate medicine,1,3,2004,2004
Journal of proteome research,1,4,2004,2004
Journal of reconstructive microsurgery,1,1,2008,2008
Journal of rehabilitation research and development,1,12,2006,2006
Journal of renal nutrition : the official journal of the Council on Renal Nutrition of the National Kidney Foundation,1,31,2011,2011
Journal of the American College of Cardiology,1,2,2003,2003
Journal of the American College of Surgeons,1,1,2008,2008
Journal of the American Geriatrics Society,1,21,2010,2010
Journal of the neurological sciences,1,8,2005,2005
Journal of the Reticuloendothelial Society,1,7,1979,1979
Journal of the Society for Gynecologic Investigation,1,1,2002,2002
Journal of theoretical biology,1,10,2011,2011
Journal of translational medicine,1,1,2014,2014
Journal of UOEH,1,13,2011,2011
Journal of viral hepatitis,1,13,2011,2011
Journal of Zhejiang University. Science. B,1,1,2004,2004
Khirurgiia,1,0,2003,2003
Kidney international. Supplement,1,1,1998,1998
Klinicheskaia laboratornaia diagnostika,1,0,1998,1998
Klinicka onkologie : casopis Ceske a Slovenske onkologicke spolecnosti,1,2,2015,2015
Klinische Padiatrie,1,0,2013,2013
La Clinica terapeutica,1,0,2015,2015
Laboratory animal science,1,0,1993,1993
Laryngo- rhino- otologie,1,2,2011,2011
Leprosy review,1,7,1988,1988
Leukemia research,1,8,2011,2011
Lijecnicki vjesnik,1,0,1987,1987
Likars'ka sprava,1,0,1996,1996
"Lin chuang er bi yan hou tou jing wai ke za zhi = Journal of clinical otorhinolaryngology, head, and neck surgery",1,0,2014,2014
Magyar sebeszet,1,0,2005,2005
Maturitas,1,7,2011,2011
MedGenMed : Medscape general medicine,1,4,2003,2003
Medical and veterinary entomology,1,10,1997,1997
Medical biology,1,3,1985,1985
Medicina intensiva,1,2,2009,2009
Melanoma research,1,1,2014,2014
Memorias do Instituto Oswaldo Cruz,1,3,2e3,2e3
Microbial biotechnology,1,5,2011,2011
"Microcirculation (New York, N.Y. : 1994)",1,7,2003,2003
Minerva endocrinologica,1,0,2005,2005
Minerva medica,1,1,1999,1999
Minerva urologica e nefrologica = The Italian journal of urology and nephrology,1,1,2007,2007
Modern rheumatology,1,13,2006,2006
Molecular and cellular endocrinology,1,19,2011,2011
Molecular and cellular neurosciences,1,4,2012,2012
Molecular biology reports,1,0,2009,2009
Molecular cancer,1,30,2011,2011
Molecular cancer therapeutics,1,6,2002,2002
Molecular diagnosis & therapy,1,3,2006,2006
Molecular microbiology,1,101,2004,2004
Molecular pharmaceutics,1,7,2007,2007
Molecular reproduction and development,1,4,1997,1997
"Molecules (Basel, Switzerland)",1,0,2016,2016
"Multiple sclerosis (Houndmills, Basingstoke, England)",1,12,2013,2013
"Nanomedicine : nanotechnology, biology, and medicine",1,21,2010,2010
Nanoscale,1,26,2010,2010
Nature chemical biology,1,93,2008,2008
Nature clinical practice. Cardiovascular medicine,1,62,2006,2006
Nature clinical practice. Gastroenterology & hepatology,1,2,2008,2008
Nature clinical practice. Nephrology,1,24,2006,2006
Nature clinical practice. Urology,1,6,2006,2006
Nature reviews. Clinical oncology,1,79,2011,2011
Nature reviews. Neurology,1,20,2010,2010
Neoplasma,1,0,2002,2002
Nephron,1,0,2016,2016
Nestle Nutrition Institute workshop series,1,4,2013,2013
Neuro-Chirurgie,1,0,2007,2007
Neurochemistry international,1,24,2006,2006
Neuroimaging clinics of North America,1,2,2003,2003
Neurological research,1,2,2005,2005
Neuropsychopharmacologia Hungarica : a Magyar Pszichofarmakologiai Egyesulet lapja = official journal of the Hungarian Association of Psychopharmacology,1,0,2011,2011
Neuroscience bulletin,1,2,2008,2008
Neurosurgery,1,14,2006,2006
Neurosurgery clinics of North America,1,4,2012,2012
Neurosurgical review,1,11,2009,2009
Neurotherapeutics : the journal of the American Society for Experimental NeuroTherapeutics,1,13,2009,2009
Nihon Seikeigeka Gakkai zasshi,1,0,1984,1984
Nihon shinkei seishin yakurigaku zasshi = Japanese journal of psychopharmacology,1,0,2004,2004
No shinkei geka. Neurological surgery,1,0,1999,1999
No to shinkei = Brain and nerve,1,0,2003,2003
Nutrition reviews,1,26,2012,2012
Oncology reports,1,2,2004,2004
Oncotarget,1,32,2014,2014
Onkologie,1,0,2003,2003
Oral oncology,1,3,2009,2009
Orphanet journal of rare diseases,1,23,2012,2012
Oxidative medicine and cellular longevity,1,2,2015,2015
Paediatric respiratory reviews,1,17,2008,2008
Parasitology,1,6,2005,2005
Parassitologia,1,20,2008,2008
"Pathobiology : journal of immunopathology, molecular and cellular biology",1,75,2e3,2e3
Pathogens and disease,1,7,2013,2013
Pathology oncology research : POR,1,1,1999,1999
Pediatric allergy and immunology : official publication of the European Society of Pediatric Allergy and Immunology,1,1,2016,2016
Pediatric endocrinology reviews : PER,1,4,2008,2008
Pediatric research,1,3,2013,2013
Pediatrics,1,2,1983,1983
Peritoneal dialysis international : journal of the International Society for Peritoneal Dialysis,1,2,2006,2006
Perspectives in pediatric pathology,1,2,1987,1987
Pflugers Archiv : European journal of physiology,1,3,2015,2015
Pharmacological reviews,1,11,2015,2015
Photochemical & photobiological sciences : Official journal of the European Photochemistry Association and the European Society for Photobiology,1,35,2008,2008
Phytotherapy research : PTR,1,0,2014,2014
Pigment cell research,1,9,1993,1993
Platelets,1,4,2011,2011
"PM & R : the journal of injury, function, and rehabilitation",1,8,2014,2014
Pneumonologia i alergologia polska,1,0,2009,2009
Polish journal of microbiology,1,0,2005,2005
Polski merkuriusz lekarski : organ Polskiego Towarzystwa Lekarskiego,1,0,2009,2009
"Polski tygodnik lekarski (Warsaw, Poland : 1960)",1,0,1971,1971
Polskie Archiwum Medycyny Wewnetrznej,1,0,2003,2003
Postepy biochemii,1,0,2008,2008
Postgraduate medical journal,1,2,2006,2006
Poultry science,1,3,1994,1994
Proceedings of the Association of American Physicians,1,3,1995,1995
Proceedings of the Finnish Dental Society. Suomen Hammaslaakariseuran toimituksia,1,0,1992,1992
Proceedings of the Western Pharmacology Society,1,2,2006,2006
Progress in allergy,1,11,1978,1978
Progress in brain research,1,3,2008,2008
Progress in clinical and biological research,1,0,1994,1994
Progress in histochemistry and cytochemistry,1,2,1993,1993
Progress in molecular biology and translational science,1,2,2015,2015
"Prostaglandins, leukotrienes, and essential fatty acids",1,19,2010,2010
Prostate cancer and prostatic diseases,1,5,2007,2007
Protein and peptide letters,1,5,2009,2009
Proteomics,1,1,2001,2001
Proteomics. Clinical applications,1,2,2010,2010
Przeglad lekarski,1,0,2003,2003
Purinergic signalling,1,20,2012,2012
Radiation research,1,8,2014,2014
"Radiographics : a review publication of the Radiological Society of North America, Inc",1,13,2004,2004
Radiology,1,0,1997,1997
Recent patents on drug delivery & formulation,1,0,2013,2013
Recenti progressi in medicina,1,0,2012,2012
Redox biology,1,0,2013,2013
Regenerative medicine,1,1,2015,2015
Reproductive biomedicine online,1,4,2010,2010
Respiration; international review of thoracic diseases,1,10,1999,1999
Respiratory medicine,1,2,2001,2001
"Respirology (Carlton, Vic.)",1,7,2003,2003
Results and problems in cell differentiation,1,0,2006,2006
Reumatismo,1,1,2010,2010
Reviews in immunogenetics,1,8,2001,2001
"Revista alergia Mexico (Tecamachalco, Puebla, Mexico : 1993)",1,1,2004,2004
Revista Argentina de microbiologia,1,0,1996,1996
Revista chilena de infectologia : organo oficial de la Sociedad Chilena de Infectologia,1,1,2012,2012
Revista clinica espanola,1,0,2002,2002
Revista de gastroenterologia de Mexico,1,0,2007,2007
"Revista de la Facultad de Ciencias Medicas (Cordoba, Argentina)",1,0,2003,2003
Revista iberoamericana de micologia,1,1,2013,2013
Revista medico-chirurgicala a Societatii de Medici si Naturalisti din Iasi,1,0,1985,1985
Revista portuguesa de pneumologia,1,0,2009,2009
Revue de pneumologie clinique,1,0,1993,1993
Revue medicale de Liege,1,0,1991,1991
Rinsho byori. The Japanese journal of clinical pathology,1,0,2002,2002
Roumanian archives of microbiology and immunology,1,2,2002,2002
Ryoikibetsu shokogun shirizu,1,0,2001,2001
"Sarcoidosis, vasculitis, and diffuse lung diseases : official journal of WASOG",1,8,2e3,2e3
Scandinavian journal of plastic and reconstructive surgery,1,2,1984,1984
Science signaling,1,5,2010,2010
Science translational medicine,1,3,2010,2010
Seminars in arthritis and rheumatism,1,3,2013,2013
Seminars in cell biology,1,2,1992,1992
Seminars in cutaneous medicine and surgery,1,3,2002,2002
Seminars in nuclear medicine,1,0,2001,2001
Seminars in oncology nursing,1,0,2009,2009
Seminars in ophthalmology,1,4,2011,2011
Seminars in pediatric surgery,1,3,2004,2004
Seminars in surgical oncology,1,2,2e3,2e3
Seminars in urologic oncology,1,2,1998,1998
Sheng wu gong cheng xue bao = Chinese journal of biotechnology,1,1,2011,2011
Skin pharmacology and applied skin physiology,1,7,2002,2002
Skin pharmacology and physiology,1,2,2006,2006
Small GTPases,1,3,2014,2014
Somatic cell and molecular genetics,1,8,2003,2003
Srpski arhiv za celokupno lekarstvo,1,2,1998,1998
Strahlentherapie und Onkologie : Organ der Deutschen Rontgengesellschaft ... [et  al],1,3,2012,2012
Surgical infections,1,1,2006,2006
Surgical neurology,1,0,2005,2005
Survey of immunologic research,1,0,1982,1982
Terapevticheskii arkhiv,1,0,2008,2008
The American journal of medicine,1,6,1997,1997
The American journal of physiology,1,25,1999,1999
The American review of respiratory disease,1,1,1993,1993
"The Annals of otology, rhinology, and laryngology",1,3,2005,2005
The Annals of pharmacotherapy,1,27,2007,2007
The Annals of thoracic surgery,1,3,1996,1996
The British journal of radiology,1,0,2001,2001
The Canadian veterinary journal = La revue veterinaire canadienne,1,18,2007,2007
The cancer journal from Scientific American,1,2,2e3,2e3
The European respiratory journal. Supplement,1,15,2003,2003
The hematology journal : the official journal of the European Haematology Association,1,0,2004,2004
The International journal of developmental biology,1,16,2009,2009
The international journal of tuberculosis and lung disease : the official journal of the International Union against Tuberculosis and Lung Disease,1,32,2004,2004
The Israel Medical Association journal : IMAJ,1,0,2001,2001
The Journal of antimicrobial chemotherapy,1,6,2004,2004
The Journal of bone and joint surgery. American volume,1,5,2007,2007
The Journal of endocrinology,1,0,2016,2016
The Journal of heart and lung transplantation : the official publication of the International Society for Heart Transplantation,1,3,2005,2005
The Journal of infection,1,8,2013,2013
The Journal of laboratory and clinical medicine,1,1,1996,1996
The Journal of the Acoustical Society of America,1,3,2013,2013
The Journal of the Louisiana State Medical Society : official organ of the Louisiana State Medical Society,1,0,2014,2014
The Journal of veterinary medical science,1,3,2002,2002
The Kaohsiung journal of medical sciences,1,2,2012,2012
The Malaysian journal of pathology,1,3,2007,2007
"The Mount Sinai journal of medicine, New York",1,2,2004,2004
The Netherlands journal of medicine,1,2,2006,2006
The New Zealand medical journal,1,1,1998,1998
The pharmacogenomics journal,1,0,2003,2003
The Surgical clinics of North America,1,3,2004,2004
The Urologic clinics of North America,1,0,2003,2003
The Western journal of medicine,1,6,1994,1994
Therapeutic advances in respiratory disease,1,1,2015,2015
"Therapeutic apheresis and dialysis : official peer-reviewed journal of the International Society for Apheresis, the Japanese Society for Apheresis, the Japanese Society for Dialysis Therapy",1,1,2003,2003
Thorax,1,1,1999,1999
Topics in stroke rehabilitation,1,4,2005,2005
Toxicological sciences : an official journal of the Society of Toxicology,1,2,2005,2005
Toxicology,1,1,1994,1994
Toxicon : official journal of the International Society on Toxinology,1,1,2002,2002
Transactions - Pennsylvania Academy of Ophthalmology and Otolaryngology,1,0,1988,1988
Transactions of the ophthalmological societies of the United Kingdom,1,0,1985,1985
Transfusion,1,0,2003,2003
Transfusion science,1,1,1997,1997
Trends in cardiovascular medicine,1,4,2012,2012
Trends in endocrinology and metabolism: TEM,1,0,2003,2003
Tsitologiia,1,0,2013,2013
Ultrastructural pathology,1,1,1985,1985
Urologia internationalis,1,0,1999,1999
Urologic oncology,1,3,2008,2008
Urology,1,2,2008,2008
Uspekhi fiziologicheskikh nauk,1,0,2015,2015
Vascular health and risk management,1,9,2008,2008
Vestnik Rossiiskoi akademii meditsinskikh nauk,1,0,2003,2003
Veterinary microbiology,1,4,2006,2006
"Virchows Archiv. A, Pathological anatomy and histopathology",1,1,1982,1982
Vnitrni lekarstvi,1,1,2012,2012
Wiadomosci parazytologiczne,1,0,2010,2010
Wiener klinische Wochenschrift,1,0,1993,1993
Wiley interdisciplinary reviews. Nanomedicine and nanobiotechnology,1,9,2013,2013
World journal of surgery,1,1,2002,2002
World journal of urology,1,5,2005,2005
Yi chuan = Hereditas,1,3,2014,2014
Yonsei medical journal,1,3,2004,2004
Zeitschrift fur Gastroenterologie,1,4,2003,2003
Zeitschrift fur Hautkrankheiten,1,0,1985,1985
Zeitschrift fur Rheumatologie,1,0,2009,2009
Zentralblatt fur Bakteriologie : international journal of medical microbiology,1,0,2e3,2e3
Zhongguo dang dai er ke za zhi = Chinese journal of contemporary pediatrics,1,0,2016,2016
Zhongguo fei ai za zhi = Chinese journal of lung cancer,1,0,2013,2013
Zhonghua er bi yan hou tou jing wai ke za zhi = Chinese journal of otorhinolaryngology head and neck surgery,1,0,2012,2012
Zhonghua fu chan ke za zhi,1,0,2004,2004
Zhonghua jie he he hu xi za zhi = Zhonghua jiehe he huxi zazhi = Chinese journal  of tuberculosis and respiratory diseases,1,0,2004,2004
Zhonghua nei ke za zhi,1,0,2009,2009
Zhonghua xin xue guan bing za zhi,1,0,2008,2008
